{
    "1": {
        "task_number": "1",
        "task_name": "T1",
        "task_description": "DDD T1 DDD",
        "task_status": "pending"
    },
    "3": {
        "task_number": "3",
        "task_name": "T3",
        "task_description": "DDD T3 DDD",
        "task_status": "pending"
    },
    "5": {
        "task_number": "5",
        "task_name": "task5",
        "task_description": "task5 better description",
        "task_status": "completed"
    },
    "6": {
        "task_number": "6",
        "task_name": "TASK6",
        "task_description": "DDD TASK6 DDD",
        "task_status": "pending"
    },
    "7": {
        "task_number": "7",
        "task_name": "TASK007",
        "task_description": "DESCRIPTION TASK007",
        "task_status": "completed"
    }
}